weather,total,total,total,total
,max,min,mean,sum
1,8714,431,4876.7861771058315,2257952
2,8362,605,4035.862348178138,996858
3,4639,22,1803.2857142857142,37869
