weather,hour,total,total,total,total
,count,max,min,mean,sum
1,11413,977,1,204.8692718829405,2338173
2,4544,957,1,175.16549295774647,795952
3,1419,891,1,111.57928118393235,158331
4,3,164,23,74.33333333333333,223
